1850,1850,WRI_CAIT_ETOT_CO2_Chile
1851,1851,WRI_CAIT_ETOT_CO2_Chile
1852,1852,WRI_CAIT_ETOT_CO2_Chile
1853,1853,WRI_CAIT_ETOT_CO2_Chile
1854,1854,WRI_CAIT_ETOT_CO2_Chile
1855,1855,WRI_CAIT_ETOT_CO2_Chile
1856,1856,WRI_CAIT_ETOT_CO2_Chile
1857,1857,WRI_CAIT_ETOT_CO2_Chile
1858,1858,WRI_CAIT_ETOT_CO2_Chile
1859,1859,WRI_CAIT_ETOT_CO2_Chile
1860,1860,WRI_CAIT_ETOT_CO2_Chile
1861,1861,WRI_CAIT_ETOT_CO2_Chile
1862,1862,WRI_CAIT_ETOT_CO2_Chile
1863,1863,WRI_CAIT_ETOT_CO2_Chile
1864,1864,WRI_CAIT_ETOT_CO2_Chile
1865,1865,WRI_CAIT_ETOT_CO2_Chile
1866,1866,WRI_CAIT_ETOT_CO2_Chile
1867,1867,WRI_CAIT_ETOT_CO2_Chile
1868,1868,WRI_CAIT_ETOT_CO2_Chile
1869,1869,WRI_CAIT_ETOT_CO2_Chile
1870,1870,WRI_CAIT_ETOT_CO2_Chile
1871,1871,WRI_CAIT_ETOT_CO2_Chile
1872,1872,WRI_CAIT_ETOT_CO2_Chile
1873,1873,WRI_CAIT_ETOT_CO2_Chile
1874,1874,WRI_CAIT_ETOT_CO2_Chile
1875,1875,WRI_CAIT_ETOT_CO2_Chile
1876,1876,WRI_CAIT_ETOT_CO2_Chile
1877,1877,WRI_CAIT_ETOT_CO2_Chile
1878,1878,WRI_CAIT_ETOT_CO2_Chile
1879,1879,WRI_CAIT_ETOT_CO2_Chile
1880,1880,WRI_CAIT_ETOT_CO2_Chile
1881,1881,WRI_CAIT_ETOT_CO2_Chile
1882,1882,WRI_CAIT_ETOT_CO2_Chile
1883,1883,WRI_CAIT_ETOT_CO2_Chile
1884,1884,WRI_CAIT_ETOT_CO2_Chile
1885,1885,WRI_CAIT_ETOT_CO2_Chile
1886,1886,WRI_CAIT_ETOT_CO2_Chile
1887,1887,WRI_CAIT_ETOT_CO2_Chile
1888,1888,WRI_CAIT_ETOT_CO2_Chile
1889,1889,WRI_CAIT_ETOT_CO2_Chile
1890,1890,WRI_CAIT_ETOT_CO2_Chile
1891,1891,WRI_CAIT_ETOT_CO2_Chile
1892,1892,WRI_CAIT_ETOT_CO2_Chile
1893,1893,WRI_CAIT_ETOT_CO2_Chile
1894,1894,WRI_CAIT_ETOT_CO2_Chile
1895,1895,0.524,WRI_CAIT_ETOT_CO2_Chile
1896,1896,0.5349,WRI_CAIT_ETOT_CO2_Chile
1897,1897,0.6375,WRI_CAIT_ETOT_CO2_Chile
1898,1898,0.7401,WRI_CAIT_ETOT_CO2_Chile
1899,1899,0.6339,WRI_CAIT_ETOT_CO2_Chile
1900,1900,0.85,WRI_CAIT_ETOT_CO2_Chile
1901,1901,1.5682,WRI_CAIT_ETOT_CO2_Chile
1902,1902,1.9602,WRI_CAIT_ETOT_CO2_Chile
1903,1903,2.1618,WRI_CAIT_ETOT_CO2_Chile
1904,1904,1.9676,WRI_CAIT_ETOT_CO2_Chile
1905,1905,2.0775,WRI_CAIT_ETOT_CO2_Chile
1906,1906,2.4402,WRI_CAIT_ETOT_CO2_Chile
1907,1907,2.1801,WRI_CAIT_ETOT_CO2_Chile
1908,1908,2.4585,WRI_CAIT_ETOT_CO2_Chile
1909,1909,2.3523,WRI_CAIT_ETOT_CO2_Chile
1910,1910,2.8103,WRI_CAIT_ETOT_CO2_Chile
1911,1911,3.1071,WRI_CAIT_ETOT_CO2_Chile
1912,1912,3.4625,WRI_CAIT_ETOT_CO2_Chile
1913,1913,3.3562,WRI_CAIT_ETOT_CO2_Chile
1914,1914,2.8433,WRI_CAIT_ETOT_CO2_Chile
1915,1915,3.0668,WRI_CAIT_ETOT_CO2_Chile
1916,1916,3.708,WRI_CAIT_ETOT_CO2_Chile
1917,1917,4.0267,WRI_CAIT_ETOT_CO2_Chile
1918,1918,3.9681,WRI_CAIT_ETOT_CO2_Chile
1919,1919,3.8838,WRI_CAIT_ETOT_CO2_Chile
1920,1920,2.781,WRI_CAIT_ETOT_CO2_Chile
1921,1921,3.3342,WRI_CAIT_ETOT_CO2_Chile
1922,1922,2.7553,WRI_CAIT_ETOT_CO2_Chile
1923,1923,3.0448,WRI_CAIT_ETOT_CO2_Chile
1924,1924,4.0267,WRI_CAIT_ETOT_CO2_Chile
1925,1925,3.7996,WRI_CAIT_ETOT_CO2_Chile
1926,1926,3.9022,WRI_CAIT_ETOT_CO2_Chile
1927,1927,3.8765,WRI_CAIT_ETOT_CO2_Chile
1928,1928,3.653,WRI_CAIT_ETOT_CO2_Chile
1929,1929,4.0194,WRI_CAIT_ETOT_CO2_Chile
1930,1930,3.8545,WRI_CAIT_ETOT_CO2_Chile
1931,1931,2.9275,WRI_CAIT_ETOT_CO2_Chile
1932,1932,2.8946,WRI_CAIT_ETOT_CO2_Chile
1933,1933,4.0927,WRI_CAIT_ETOT_CO2_Chile
1934,1934,4.8328,WRI_CAIT_ETOT_CO2_Chile
1935,1935,5.1149,WRI_CAIT_ETOT_CO2_Chile
1936,1936,5.0307,WRI_CAIT_ETOT_CO2_Chile
1937,1937,5.2798,WRI_CAIT_ETOT_CO2_Chile
1938,1938,5.529,WRI_CAIT_ETOT_CO2_Chile
1939,1939,5.0087,WRI_CAIT_ETOT_CO2_Chile
1940,1940,5.2615,WRI_CAIT_ETOT_CO2_Chile
1941,1941,5.5693,WRI_CAIT_ETOT_CO2_Chile
1942,1942,5.8111,WRI_CAIT_ETOT_CO2_Chile
1943,1943,6.1116,WRI_CAIT_ETOT_CO2_Chile
1944,1944,6.1409,WRI_CAIT_ETOT_CO2_Chile
1945,1945,5.6426,WRI_CAIT_ETOT_CO2_Chile
1946,1946,5.4337,WRI_CAIT_ETOT_CO2_Chile
1947,1947,5.7085,WRI_CAIT_ETOT_CO2_Chile
1948,1948,6.2068,WRI_CAIT_ETOT_CO2_Chile
1949,1949,5.8771,WRI_CAIT_ETOT_CO2_Chile
1950,1950,8.4528,WRI_CAIT_ETOT_CO2_Chile
1951,1951,9.9844,WRI_CAIT_ETOT_CO2_Chile
1952,1952,10.49,WRI_CAIT_ETOT_CO2_Chile
1953,1953,10.3032,WRI_CAIT_ETOT_CO2_Chile
1954,1954,11.0286,WRI_CAIT_ETOT_CO2_Chile
1955,1955,11.4647,WRI_CAIT_ETOT_CO2_Chile
1956,1956,11.6222,WRI_CAIT_ETOT_CO2_Chile
1957,1957,11.3144,WRI_CAIT_ETOT_CO2_Chile
1958,1958,11.6698,WRI_CAIT_ETOT_CO2_Chile
1959,1959,11.5929,WRI_CAIT_ETOT_CO2_Chile
1960,1960,11.9446,WRI_CAIT_ETOT_CO2_Chile
1961,1961,12.2011,WRI_CAIT_ETOT_CO2_Chile
1962,1962,13.7144,WRI_CAIT_ETOT_CO2_Chile
1963,1963,14.3812,WRI_CAIT_ETOT_CO2_Chile
1964,1964,14.9455,WRI_CAIT_ETOT_CO2_Chile
1965,1965,15.2459,WRI_CAIT_ETOT_CO2_Chile
1966,1966,16.5613,WRI_CAIT_ETOT_CO2_Chile
1967,1967,16.7811,WRI_CAIT_ETOT_CO2_Chile
1968,1968,18.265,WRI_CAIT_ETOT_CO2_Chile
1969,1969,18.9209,WRI_CAIT_ETOT_CO2_Chile
1970,1970,22.5483,WRI_CAIT_ETOT_CO2_Chile
1971,1971,21.5215,WRI_CAIT_ETOT_CO2_Chile
1972,1972,21.1088,WRI_CAIT_ETOT_CO2_Chile
1973,1973,20.5052,WRI_CAIT_ETOT_CO2_Chile
1974,1974,20.2508,WRI_CAIT_ETOT_CO2_Chile
1975,1975,17.4856,WRI_CAIT_ETOT_CO2_Chile
1976,1976,18.25,WRI_CAIT_ETOT_CO2_Chile
1977,1977,19.1206,WRI_CAIT_ETOT_CO2_Chile
1978,1978,19.8662,WRI_CAIT_ETOT_CO2_Chile
1979,1979,21.1842,WRI_CAIT_ETOT_CO2_Chile
1980,1980,22.0078,WRI_CAIT_ETOT_CO2_Chile
1981,1981,22.087,WRI_CAIT_ETOT_CO2_Chile
1982,1982,18.8143,WRI_CAIT_ETOT_CO2_Chile
1983,1983,19.4865,WRI_CAIT_ETOT_CO2_Chile
1984,1984,20.7262,WRI_CAIT_ETOT_CO2_Chile
1985,1985,20.1508,WRI_CAIT_ETOT_CO2_Chile
1986,1986,20.7745,WRI_CAIT_ETOT_CO2_Chile
1987,1987,21.3028,WRI_CAIT_ETOT_CO2_Chile
1988,1988,25.9319,WRI_CAIT_ETOT_CO2_Chile
1989,1989,31.2134,WRI_CAIT_ETOT_CO2_Chile
1990,1990,32.2099,WRI_CAIT_ETOT_CO2_Chile
1991,1991,31.1758,WRI_CAIT_ETOT_CO2_Chile
1992,1992,33.3907,WRI_CAIT_ETOT_CO2_Chile
1993,1993,34.0525,WRI_CAIT_ETOT_CO2_Chile
1994,1994,37.7772,WRI_CAIT_ETOT_CO2_Chile
1995,1995,40.4643,WRI_CAIT_ETOT_CO2_Chile
1996,1996,46.9126,WRI_CAIT_ETOT_CO2_Chile
1997,1997,53.8339,WRI_CAIT_ETOT_CO2_Chile
1998,1998,55.3408,WRI_CAIT_ETOT_CO2_Chile
1999,1999,58.3158,WRI_CAIT_ETOT_CO2_Chile
2000,2000,53.9061,WRI_CAIT_ETOT_CO2_Chile
2001,2001,52.0557,WRI_CAIT_ETOT_CO2_Chile
2002,2002,53.0381,WRI_CAIT_ETOT_CO2_Chile
2003,2003,54.9888,WRI_CAIT_ETOT_CO2_Chile
2004,2004,59.7967,WRI_CAIT_ETOT_CO2_Chile
2005,2005,60.3027,WRI_CAIT_ETOT_CO2_Chile
2006,2006,61.9985,WRI_CAIT_ETOT_CO2_Chile
2007,2007,67.9414,WRI_CAIT_ETOT_CO2_Chile
2008,2008,70.4203,WRI_CAIT_ETOT_CO2_Chile
2009,2009,67.2864,WRI_CAIT_ETOT_CO2_Chile
2010,2010,71.747,WRI_CAIT_ETOT_CO2_Chile
2011,2011,78.2721,WRI_CAIT_ETOT_CO2_Chile
2012,2012,80.0006,WRI_CAIT_ETOT_CO2_Chile
1850,1850,15.1396,WRI_CAIT_ETOT_CO2_Germany
1851,1851,16.8691,WRI_CAIT_ETOT_CO2_Germany
1852,1852,19.1737,WRI_CAIT_ETOT_CO2_Germany
1853,1853,20.7602,WRI_CAIT_ETOT_CO2_Germany
1854,1854,24.3656,WRI_CAIT_ETOT_CO2_Germany
1855,1855,28.6158,WRI_CAIT_ETOT_CO2_Germany
1856,1856,30.9242,WRI_CAIT_ETOT_CO2_Germany
1857,1857,32.9394,WRI_CAIT_ETOT_CO2_Germany
1858,1858,35.6104,WRI_CAIT_ETOT_CO2_Germany
1859,1859,33.8077,WRI_CAIT_ETOT_CO2_Germany
1860,1860,36.3945,WRI_CAIT_ETOT_CO2_Germany
1861,1861,41.3299,WRI_CAIT_ETOT_CO2_Germany
1862,1862,45.5399,WRI_CAIT_ETOT_CO2_Germany
1863,1863,49.3834,WRI_CAIT_ETOT_CO2_Germany
1864,1864,56.6418,WRI_CAIT_ETOT_CO2_Germany
1865,1865,63.4678,WRI_CAIT_ETOT_CO2_Germany
1866,1866,62.9072,WRI_CAIT_ETOT_CO2_Germany
1867,1867,69.1543,WRI_CAIT_ETOT_CO2_Germany
1868,1868,74.3682,WRI_CAIT_ETOT_CO2_Germany
1869,1869,77.5925,WRI_CAIT_ETOT_CO2_Germany
1870,1870,76.6362,WRI_CAIT_ETOT_CO2_Germany
1871,1871,85.3492,WRI_CAIT_ETOT_CO2_Germany
1872,1872,92.113,WRI_CAIT_ETOT_CO2_Germany
1873,1873,98.3674,WRI_CAIT_ETOT_CO2_Germany
1874,1874,71.5946,WRI_CAIT_ETOT_CO2_Germany
1875,1875,101.5184,WRI_CAIT_ETOT_CO2_Germany
1876,1876,103.4347,WRI_CAIT_ETOT_CO2_Germany
1877,1877,101.3023,WRI_CAIT_ETOT_CO2_Germany
1878,1878,104.5449,WRI_CAIT_ETOT_CO2_Germany
1879,1879,110.847,WRI_CAIT_ETOT_CO2_Germany
1880,1880,124.5027,WRI_CAIT_ETOT_CO2_Germany
1881,1881,134.2636,WRI_CAIT_ETOT_CO2_Germany
1882,1882,143.6654,WRI_CAIT_ETOT_CO2_Germany
1883,1883,153.0929,WRI_CAIT_ETOT_CO2_Germany
1884,1884,157.5264,WRI_CAIT_ETOT_CO2_Germany
1885,1885,161.1867,WRI_CAIT_ETOT_CO2_Germany
1886,1886,163.0333,WRI_CAIT_ETOT_CO2_Germany
1887,1887,170.3907,WRI_CAIT_ETOT_CO2_Germany
1888,1888,186.3474,WRI_CAIT_ETOT_CO2_Germany
1889,1889,198.8453,WRI_CAIT_ETOT_CO2_Germany
1890,1890,208.2324,WRI_CAIT_ETOT_CO2_Germany
1891,1891,220.8439,WRI_CAIT_ETOT_CO2_Germany
1892,1892,214.9925,WRI_CAIT_ETOT_CO2_Germany
1893,1893,220.712,WRI_CAIT_ETOT_CO2_Germany
1894,1894,229.4946,WRI_CAIT_ETOT_CO2_Germany
1895,1895,238.2809,WRI_CAIT_ETOT_CO2_Germany
1896,1896,256.2638,WRI_CAIT_ETOT_CO2_Germany
1897,1897,273.5542,WRI_CAIT_ETOT_CO2_Germany
1898,1898,285.3743,WRI_CAIT_ETOT_CO2_Germany
1899,1899,303.2803,WRI_CAIT_ETOT_CO2_Germany
1900,1900,326.7592,WRI_CAIT_ETOT_CO2_Germany
1901,1901,325.5574,WRI_CAIT_ETOT_CO2_Germany
1902,1902,319.1857,WRI_CAIT_ETOT_CO2_Germany
1903,1903,343.5953,WRI_CAIT_ETOT_CO2_Germany
1904,1904,356.1261,WRI_CAIT_ETOT_CO2_Germany
1905,1905,382.3237,WRI_CAIT_ETOT_CO2_Germany
1906,1906,361.9409,WRI_CAIT_ETOT_CO2_Germany
1907,1907,442.1825,WRI_CAIT_ETOT_CO2_Germany
1908,1908,446.6416,WRI_CAIT_ETOT_CO2_Germany
1909,1909,445.5754,WRI_CAIT_ETOT_CO2_Germany
1910,1910,445.3665,WRI_CAIT_ETOT_CO2_Germany
1911,1911,458.5862,WRI_CAIT_ETOT_CO2_Germany
1912,1912,499.1211,WRI_CAIT_ETOT_CO2_Germany
1913,1913,535.0832,WRI_CAIT_ETOT_CO2_Germany
1914,1914,497.9266,WRI_CAIT_ETOT_CO2_Germany
1915,1915,462.9061,WRI_CAIT_ETOT_CO2_Germany
1916,1916,500.6966,WRI_CAIT_ETOT_CO2_Germany
1917,1917,524.5749,WRI_CAIT_ETOT_CO2_Germany
1918,1918,503.4226,WRI_CAIT_ETOT_CO2_Germany
1919,1919,387.4277,WRI_CAIT_ETOT_CO2_Germany
1920,1920,429.2083,WRI_CAIT_ETOT_CO2_Germany
1921,1921,473.18,WRI_CAIT_ETOT_CO2_Germany
1922,1922,455.4608,WRI_CAIT_ETOT_CO2_Germany
1923,1923,331.9328,WRI_CAIT_ETOT_CO2_Germany
1924,1924,451.7895,WRI_CAIT_ETOT_CO2_Germany
1925,1925,458.066,WRI_CAIT_ETOT_CO2_Germany
1926,1926,413.2406,WRI_CAIT_ETOT_CO2_Germany
1927,1927,481.0466,WRI_CAIT_ETOT_CO2_Germany
1928,1928,504.8882,WRI_CAIT_ETOT_CO2_Germany
1929,1929,538.9707,WRI_CAIT_ETOT_CO2_Germany
1930,1930,461.7336,WRI_CAIT_ETOT_CO2_Germany
1931,1931,385.5994,WRI_CAIT_ETOT_CO2_Germany
1932,1932,347.3179,WRI_CAIT_ETOT_CO2_Germany
1933,1933,364.8538,WRI_CAIT_ETOT_CO2_Germany
1934,1934,408.6459,WRI_CAIT_ETOT_CO2_Germany
1935,1935,452.3684,WRI_CAIT_ETOT_CO2_Germany
1936,1936,499.6853,WRI_CAIT_ETOT_CO2_Germany
1937,1937,563.5635,WRI_CAIT_ETOT_CO2_Germany
1938,1938,601.3357,WRI_CAIT_ETOT_CO2_Germany
1939,1939,648.6819,WRI_CAIT_ETOT_CO2_Germany
1940,1940,654.3648,WRI_CAIT_ETOT_CO2_Germany
1941,1941,660.8354,WRI_CAIT_ETOT_CO2_Germany
1942,1942,667.9289,WRI_CAIT_ETOT_CO2_Germany
1943,1943,679.4632,WRI_CAIT_ETOT_CO2_Germany
1944,1944,600.2731,WRI_CAIT_ETOT_CO2_Germany
1945,1945,116.0645,WRI_CAIT_ETOT_CO2_Germany
1946,1946,271.6929,WRI_CAIT_ETOT_CO2_Germany
1947,1947,317.6725,WRI_CAIT_ETOT_CO2_Germany
1948,1948,377.8427,WRI_CAIT_ETOT_CO2_Germany
1949,1949,432.1871,WRI_CAIT_ETOT_CO2_Germany
1950,1950,510.7323,WRI_CAIT_ETOT_CO2_Germany
1951,1951,576.9151,WRI_CAIT_ETOT_CO2_Germany
1952,1952,611.0453,WRI_CAIT_ETOT_CO2_Germany
1953,1953,623.5615,WRI_CAIT_ETOT_CO2_Germany
1954,1954,659.8095,WRI_CAIT_ETOT_CO2_Germany
1955,1955,723.5814,WRI_CAIT_ETOT_CO2_Germany
1956,1956,766.278,WRI_CAIT_ETOT_CO2_Germany
1957,1957,778.0028,WRI_CAIT_ETOT_CO2_Germany
1958,1958,756.4694,WRI_CAIT_ETOT_CO2_Germany
1959,1959,755.9015,WRI_CAIT_ETOT_CO2_Germany
1960,1960,814.0675,WRI_CAIT_ETOT_CO2_Germany
1961,1961,834.9743,WRI_CAIT_ETOT_CO2_Germany
1962,1962,883.3098,WRI_CAIT_ETOT_CO2_Germany
1963,1963,945.6381,WRI_CAIT_ETOT_CO2_Germany
1964,1964,969.073,WRI_CAIT_ETOT_CO2_Germany
1965,1965,960.2648,WRI_CAIT_ETOT_CO2_Germany
1966,1966,951.5848,WRI_CAIT_ETOT_CO2_Germany
1967,1967,936.3865,WRI_CAIT_ETOT_CO2_Germany
1968,1968,984.9528,WRI_CAIT_ETOT_CO2_Germany
1969,1969,1052.1726,WRI_CAIT_ETOT_CO2_Germany
1970,1970,1026.2095,WRI_CAIT_ETOT_CO2_Germany
1971,1971,1003.2987,WRI_CAIT_ETOT_CO2_Germany
1972,1972,1029.1555,WRI_CAIT_ETOT_CO2_Germany
1973,1973,1078.3173,WRI_CAIT_ETOT_CO2_Germany
1974,1974,1051.4986,WRI_CAIT_ETOT_CO2_Germany
1975,1975,997.5123,WRI_CAIT_ETOT_CO2_Germany
1976,1976,1055.543,WRI_CAIT_ETOT_CO2_Germany
1977,1977,1039.8465,WRI_CAIT_ETOT_CO2_Germany
1978,1978,1079.6807,WRI_CAIT_ETOT_CO2_Germany
1979,1979,1128.2208,WRI_CAIT_ETOT_CO2_Germany
1980,1980,1078.8534,WRI_CAIT_ETOT_CO2_Germany
1981,1981,1044.0388,WRI_CAIT_ETOT_CO2_Germany
1982,1982,1003.1698,WRI_CAIT_ETOT_CO2_Germany
1983,1983,1004.9797,WRI_CAIT_ETOT_CO2_Germany
1984,1984,1026.303,WRI_CAIT_ETOT_CO2_Germany
1985,1985,1033.2304,WRI_CAIT_ETOT_CO2_Germany
1986,1986,1035.5477,WRI_CAIT_ETOT_CO2_Germany
1987,1987,1025.9853,WRI_CAIT_ETOT_CO2_Germany
1988,1988,1020.5183,WRI_CAIT_ETOT_CO2_Germany
1989,1989,997.1332,WRI_CAIT_ETOT_CO2_Germany
1990,1990,968.46,WRI_CAIT_ETOT_CO2_Germany
1991,1991,942.9715,WRI_CAIT_ETOT_CO2_Germany
1992,1992,905.9345,WRI_CAIT_ETOT_CO2_Germany
1993,1993,898.7834,WRI_CAIT_ETOT_CO2_Germany
1994,1994,887.8463,WRI_CAIT_ETOT_CO2_Germany
1995,1995,885.3614,WRI_CAIT_ETOT_CO2_Germany
1996,1996,913.1011,WRI_CAIT_ETOT_CO2_Germany
1997,1997,884.402,WRI_CAIT_ETOT_CO2_Germany
1998,1998,877.808,WRI_CAIT_ETOT_CO2_Germany
1999,1999,847.3952,WRI_CAIT_ETOT_CO2_Germany
2000,2000,845.2038,WRI_CAIT_ETOT_CO2_Germany
2001,2001,861.7905,WRI_CAIT_ETOT_CO2_Germany
2002,2002,848.6514,WRI_CAIT_ETOT_CO2_Germany
2003,2003,850.0269,WRI_CAIT_ETOT_CO2_Germany
2004,2004,833.5953,WRI_CAIT_ETOT_CO2_Germany
2005,2005,817.2373,WRI_CAIT_ETOT_CO2_Germany
2006,2006,830.6691,WRI_CAIT_ETOT_CO2_Germany
2007,2007,798.0301,WRI_CAIT_ETOT_CO2_Germany
2008,2008,804.9135,WRI_CAIT_ETOT_CO2_Germany
2009,2009,747.5107,WRI_CAIT_ETOT_CO2_Germany
2010,2010,786.4636,WRI_CAIT_ETOT_CO2_Germany
2011,2011,760.6978,WRI_CAIT_ETOT_CO2_Germany
2012,2012,773.9585,WRI_CAIT_ETOT_CO2_Germany
1850,1850,WRI_CAIT_ETOT_CO2_Brazil
1851,1851,WRI_CAIT_ETOT_CO2_Brazil
1852,1852,WRI_CAIT_ETOT_CO2_Brazil
1853,1853,WRI_CAIT_ETOT_CO2_Brazil
1854,1854,WRI_CAIT_ETOT_CO2_Brazil
1855,1855,WRI_CAIT_ETOT_CO2_Brazil
1856,1856,WRI_CAIT_ETOT_CO2_Brazil
1857,1857,WRI_CAIT_ETOT_CO2_Brazil
1858,1858,WRI_CAIT_ETOT_CO2_Brazil
1859,1859,WRI_CAIT_ETOT_CO2_Brazil
1860,1860,WRI_CAIT_ETOT_CO2_Brazil
1861,1861,WRI_CAIT_ETOT_CO2_Brazil
1862,1862,WRI_CAIT_ETOT_CO2_Brazil
1863,1863,WRI_CAIT_ETOT_CO2_Brazil
1864,1864,WRI_CAIT_ETOT_CO2_Brazil
1865,1865,WRI_CAIT_ETOT_CO2_Brazil
1866,1866,WRI_CAIT_ETOT_CO2_Brazil
1867,1867,WRI_CAIT_ETOT_CO2_Brazil
1868,1868,WRI_CAIT_ETOT_CO2_Brazil
1869,1869,WRI_CAIT_ETOT_CO2_Brazil
1870,1870,WRI_CAIT_ETOT_CO2_Brazil
1871,1871,WRI_CAIT_ETOT_CO2_Brazil
1872,1872,WRI_CAIT_ETOT_CO2_Brazil
1873,1873,WRI_CAIT_ETOT_CO2_Brazil
1874,1874,WRI_CAIT_ETOT_CO2_Brazil
1875,1875,WRI_CAIT_ETOT_CO2_Brazil
1876,1876,WRI_CAIT_ETOT_CO2_Brazil
1877,1877,WRI_CAIT_ETOT_CO2_Brazil
1878,1878,WRI_CAIT_ETOT_CO2_Brazil
1879,1879,WRI_CAIT_ETOT_CO2_Brazil
1880,1880,WRI_CAIT_ETOT_CO2_Brazil
1881,1881,WRI_CAIT_ETOT_CO2_Brazil
1882,1882,WRI_CAIT_ETOT_CO2_Brazil
1883,1883,WRI_CAIT_ETOT_CO2_Brazil
1884,1884,WRI_CAIT_ETOT_CO2_Brazil
1885,1885,WRI_CAIT_ETOT_CO2_Brazil
1886,1886,WRI_CAIT_ETOT_CO2_Brazil
1887,1887,WRI_CAIT_ETOT_CO2_Brazil
1888,1888,WRI_CAIT_ETOT_CO2_Brazil
1889,1889,WRI_CAIT_ETOT_CO2_Brazil
1890,1890,WRI_CAIT_ETOT_CO2_Brazil
1891,1891,WRI_CAIT_ETOT_CO2_Brazil
1892,1892,WRI_CAIT_ETOT_CO2_Brazil
1893,1893,WRI_CAIT_ETOT_CO2_Brazil
1894,1894,WRI_CAIT_ETOT_CO2_Brazil
1895,1895,WRI_CAIT_ETOT_CO2_Brazil
1896,1896,WRI_CAIT_ETOT_CO2_Brazil
1897,1897,WRI_CAIT_ETOT_CO2_Brazil
1898,1898,WRI_CAIT_ETOT_CO2_Brazil
1899,1899,WRI_CAIT_ETOT_CO2_Brazil
1900,1900,WRI_CAIT_ETOT_CO2_Brazil
1901,1901,2.1031,WRI_CAIT_ETOT_CO2_Brazil
1902,1902,2.5062,WRI_CAIT_ETOT_CO2_Brazil
1903,1903,2.4402,WRI_CAIT_ETOT_CO2_Brazil
1904,1904,2.6198,WRI_CAIT_ETOT_CO2_Brazil
1905,1905,2.7993,WRI_CAIT_ETOT_CO2_Brazil
1906,1906,3.206,WRI_CAIT_ETOT_CO2_Brazil
1907,1907,3.4515,WRI_CAIT_ETOT_CO2_Brazil
1908,1908,3.5944,WRI_CAIT_ETOT_CO2_Brazil
1909,1909,3.609,WRI_CAIT_ETOT_CO2_Brazil
1910,1910,4.1989,WRI_CAIT_ETOT_CO2_Brazil
1911,1911,4.6056,WRI_CAIT_ETOT_CO2_Brazil
1912,1912,5.5913,WRI_CAIT_ETOT_CO2_Brazil
1913,1913,6.0346,WRI_CAIT_ETOT_CO2_Brazil
1914,1914,4.1073,WRI_CAIT_ETOT_CO2_Brazil
1915,1915,3.1437,WRI_CAIT_ETOT_CO2_Brazil
1916,1916,2.8799,WRI_CAIT_ETOT_CO2_Brazil
1917,1917,2.4988,WRI_CAIT_ETOT_CO2_Brazil
1918,1918,2.323,WRI_CAIT_ETOT_CO2_Brazil
1919,1919,3.0704,WRI_CAIT_ETOT_CO2_Brazil
1920,1920,3.6457,WRI_CAIT_ETOT_CO2_Brazil
1921,1921,2.8909,WRI_CAIT_ETOT_CO2_Brazil
1922,1922,3.7812,WRI_CAIT_ETOT_CO2_Brazil
1923,1923,4.6166,WRI_CAIT_ETOT_CO2_Brazil
1924,1924,5.104,WRI_CAIT_ETOT_CO2_Brazil
1925,1925,5.3751,WRI_CAIT_ETOT_CO2_Brazil
1926,1926,5.4777,WRI_CAIT_ETOT_CO2_Brazil
1927,1927,6.0749,WRI_CAIT_ETOT_CO2_Brazil
1928,1928,5.9284,WRI_CAIT_ETOT_CO2_Brazil
1929,1929,6.346,WRI_CAIT_ETOT_CO2_Brazil
1930,1930,5.518,WRI_CAIT_ETOT_CO2_Brazil
1931,1931,4.1696,WRI_CAIT_ETOT_CO2_Brazil
1932,1932,4.1696,WRI_CAIT_ETOT_CO2_Brazil
1933,1933,4.7229,WRI_CAIT_ETOT_CO2_Brazil
1934,1934,4.624,WRI_CAIT_ETOT_CO2_Brazil
1935,1935,5.5143,WRI_CAIT_ETOT_CO2_Brazil
1936,1936,5.1516,WRI_CAIT_ETOT_CO2_Brazil
1937,1937,6.0896,WRI_CAIT_ETOT_CO2_Brazil
1938,1938,6.0932,WRI_CAIT_ETOT_CO2_Brazil
1939,1939,5.9467,WRI_CAIT_ETOT_CO2_Brazil
1940,1940,6.4889,WRI_CAIT_ETOT_CO2_Brazil
1941,1941,6.2838,WRI_CAIT_ETOT_CO2_Brazil
1942,1942,5.8734,WRI_CAIT_ETOT_CO2_Brazil
1943,1943,6.4816,WRI_CAIT_ETOT_CO2_Brazil
1944,1944,5.899,WRI_CAIT_ETOT_CO2_Brazil
1945,1945,6.826,WRI_CAIT_ETOT_CO2_Brazil
1946,1946,7.4672,WRI_CAIT_ETOT_CO2_Brazil
1947,1947,8.9512,WRI_CAIT_ETOT_CO2_Brazil
1948,1948,7.852,WRI_CAIT_ETOT_CO2_Brazil
1949,1949,7.3756,WRI_CAIT_ETOT_CO2_Brazil
1950,1950,19.6574,WRI_CAIT_ETOT_CO2_Brazil
1951,1951,21.6506,WRI_CAIT_ETOT_CO2_Brazil
1952,1952,24.9299,WRI_CAIT_ETOT_CO2_Brazil
1953,1953,25.179,WRI_CAIT_ETOT_CO2_Brazil
1954,1954,29.5648,WRI_CAIT_ETOT_CO2_Brazil
1955,1955,33.9176,WRI_CAIT_ETOT_CO2_Brazil
1956,1956,36.4568,WRI_CAIT_ETOT_CO2_Brazil
1957,1957,35.8083,WRI_CAIT_ETOT_CO2_Brazil
1958,1958,38.7578,WRI_CAIT_ETOT_CO2_Brazil
1959,1959,38.5856,WRI_CAIT_ETOT_CO2_Brazil
1960,1960,46.324,WRI_CAIT_ETOT_CO2_Brazil
1961,1961,48.6103,WRI_CAIT_ETOT_CO2_Brazil
1962,1962,53.1353,WRI_CAIT_ETOT_CO2_Brazil
1963,1963,55.0772,WRI_CAIT_ETOT_CO2_Brazil
1964,1964,56.1361,WRI_CAIT_ETOT_CO2_Brazil
1965,1965,55.7001,WRI_CAIT_ETOT_CO2_Brazil
1966,1966,63.4788,WRI_CAIT_ETOT_CO2_Brazil
1967,1967,65.2961,WRI_CAIT_ETOT_CO2_Brazil
1968,1968,76.3724,WRI_CAIT_ETOT_CO2_Brazil
1969,1969,82.9713,WRI_CAIT_ETOT_CO2_Brazil
1970,1970,91.7942,WRI_CAIT_ETOT_CO2_Brazil
1971,1971,95.1241,WRI_CAIT_ETOT_CO2_Brazil
1972,1972,104.0319,WRI_CAIT_ETOT_CO2_Brazil
1973,1973,122.1258,WRI_CAIT_ETOT_CO2_Brazil
1974,1974,135.0606,WRI_CAIT_ETOT_CO2_Brazil
1975,1975,144.3573,WRI_CAIT_ETOT_CO2_Brazil
1976,1976,159.1211,WRI_CAIT_ETOT_CO2_Brazil
1977,1977,164.4767,WRI_CAIT_ETOT_CO2_Brazil
1978,1978,180.3019,WRI_CAIT_ETOT_CO2_Brazil
1979,1979,193.5853,WRI_CAIT_ETOT_CO2_Brazil
1980,1980,191.1395,WRI_CAIT_ETOT_CO2_Brazil
1981,1981,177.7516,WRI_CAIT_ETOT_CO2_Brazil
1982,1982,179.01,WRI_CAIT_ETOT_CO2_Brazil
1983,1983,168.3884,WRI_CAIT_ETOT_CO2_Brazil
1984,1984,171.6366,WRI_CAIT_ETOT_CO2_Brazil
1985,1985,176.2788,WRI_CAIT_ETOT_CO2_Brazil
1986,1986,196.7128,WRI_CAIT_ETOT_CO2_Brazil
1987,1987,201.8088,WRI_CAIT_ETOT_CO2_Brazil
1988,1988,205.4791,WRI_CAIT_ETOT_CO2_Brazil
1989,1989,207.9464,WRI_CAIT_ETOT_CO2_Brazil
1990,1990,207.956,WRI_CAIT_ETOT_CO2_Brazil
1991,1991,214.988,WRI_CAIT_ETOT_CO2_Brazil
1992,1992,217.9696,WRI_CAIT_ETOT_CO2_Brazil
1993,1993,224.8841,WRI_CAIT_ETOT_CO2_Brazil
1994,1994,233.3842,WRI_CAIT_ETOT_CO2_Brazil
1995,1995,251.6037,WRI_CAIT_ETOT_CO2_Brazil
1996,1996,273.9978,WRI_CAIT_ETOT_CO2_Brazil
1997,1997,294.1065,WRI_CAIT_ETOT_CO2_Brazil
1998,1998,303.6795,WRI_CAIT_ETOT_CO2_Brazil
1999,1999,314.6126,WRI_CAIT_ETOT_CO2_Brazil
2000,2000,326.8958,WRI_CAIT_ETOT_CO2_Brazil
2001,2001,332.995,WRI_CAIT_ETOT_CO2_Brazil
2002,2002,331.49,WRI_CAIT_ETOT_CO2_Brazil
2003,2003,322.7236,WRI_CAIT_ETOT_CO2_Brazil
2004,2004,340.5358,WRI_CAIT_ETOT_CO2_Brazil
2005,2005,346.5112,WRI_CAIT_ETOT_CO2_Brazil
2006,2006,352.1808,WRI_CAIT_ETOT_CO2_Brazil
2007,2007,369.3556,WRI_CAIT_ETOT_CO2_Brazil
2008,2008,391.9075,WRI_CAIT_ETOT_CO2_Brazil
2009,2009,370.3887,WRI_CAIT_ETOT_CO2_Brazil
2010,2010,422.4304,WRI_CAIT_ETOT_CO2_Brazil
2011,2011,443.1584,WRI_CAIT_ETOT_CO2_Brazil
2012,2012,477.7701,WRI_CAIT_ETOT_CO2_Brazil
1850,1850,WRI_CAIT_ETOT_CO2_Argentina
1851,1851,WRI_CAIT_ETOT_CO2_Argentina
1852,1852,WRI_CAIT_ETOT_CO2_Argentina
1853,1853,WRI_CAIT_ETOT_CO2_Argentina
1854,1854,WRI_CAIT_ETOT_CO2_Argentina
1855,1855,WRI_CAIT_ETOT_CO2_Argentina
1856,1856,WRI_CAIT_ETOT_CO2_Argentina
1857,1857,WRI_CAIT_ETOT_CO2_Argentina
1858,1858,WRI_CAIT_ETOT_CO2_Argentina
1859,1859,WRI_CAIT_ETOT_CO2_Argentina
1860,1860,WRI_CAIT_ETOT_CO2_Argentina
1861,1861,WRI_CAIT_ETOT_CO2_Argentina
1862,1862,WRI_CAIT_ETOT_CO2_Argentina
1863,1863,WRI_CAIT_ETOT_CO2_Argentina
1864,1864,WRI_CAIT_ETOT_CO2_Argentina
1865,1865,WRI_CAIT_ETOT_CO2_Argentina
1866,1866,WRI_CAIT_ETOT_CO2_Argentina
1867,1867,WRI_CAIT_ETOT_CO2_Argentina
1868,1868,WRI_CAIT_ETOT_CO2_Argentina
1869,1869,WRI_CAIT_ETOT_CO2_Argentina
1870,1870,WRI_CAIT_ETOT_CO2_Argentina
1871,1871,WRI_CAIT_ETOT_CO2_Argentina
1872,1872,WRI_CAIT_ETOT_CO2_Argentina
1873,1873,WRI_CAIT_ETOT_CO2_Argentina
1874,1874,WRI_CAIT_ETOT_CO2_Argentina
1875,1875,WRI_CAIT_ETOT_CO2_Argentina
1876,1876,WRI_CAIT_ETOT_CO2_Argentina
1877,1877,WRI_CAIT_ETOT_CO2_Argentina
1878,1878,WRI_CAIT_ETOT_CO2_Argentina
1879,1879,WRI_CAIT_ETOT_CO2_Argentina
1880,1880,WRI_CAIT_ETOT_CO2_Argentina
1881,1881,WRI_CAIT_ETOT_CO2_Argentina
1882,1882,WRI_CAIT_ETOT_CO2_Argentina
1883,1883,WRI_CAIT_ETOT_CO2_Argentina
1884,1884,WRI_CAIT_ETOT_CO2_Argentina
1885,1885,WRI_CAIT_ETOT_CO2_Argentina
1886,1886,WRI_CAIT_ETOT_CO2_Argentina
1887,1887,1.0845,WRI_CAIT_ETOT_CO2_Argentina
1888,1888,0.8904,WRI_CAIT_ETOT_CO2_Argentina
1889,1889,1.7551,WRI_CAIT_ETOT_CO2_Argentina
1890,1890,1.3703,WRI_CAIT_ETOT_CO2_Argentina
1891,1891,0.938,WRI_CAIT_ETOT_CO2_Argentina
1892,1892,1.385,WRI_CAIT_ETOT_CO2_Argentina
1893,1893,1.5535,WRI_CAIT_ETOT_CO2_Argentina
1894,1894,1.9932,WRI_CAIT_ETOT_CO2_Argentina
1895,1895,2.2644,WRI_CAIT_ETOT_CO2_Argentina
1896,1896,2.3047,WRI_CAIT_ETOT_CO2_Argentina
1897,1897,2.0812,WRI_CAIT_ETOT_CO2_Argentina
1898,1898,2.3486,WRI_CAIT_ETOT_CO2_Argentina
1899,1899,2.9202,WRI_CAIT_ETOT_CO2_Argentina
1900,1900,2.0702,WRI_CAIT_ETOT_CO2_Argentina
1901,1901,2.4915,WRI_CAIT_ETOT_CO2_Argentina
1902,1902,2.814,WRI_CAIT_ETOT_CO2_Argentina
1903,1903,2.8616,WRI_CAIT_ETOT_CO2_Argentina
1904,1904,3.7959,WRI_CAIT_ETOT_CO2_Argentina
1905,1905,3.9828,WRI_CAIT_ETOT_CO2_Argentina
1906,1906,6.2544,WRI_CAIT_ETOT_CO2_Argentina
1907,1907,6.2544,WRI_CAIT_ETOT_CO2_Argentina
1908,1908,7.6175,WRI_CAIT_ETOT_CO2_Argentina
1909,1909,5.9393,WRI_CAIT_ETOT_CO2_Argentina
1910,1910,8.9108,WRI_CAIT_ETOT_CO2_Argentina
1911,1911,9.9441,WRI_CAIT_ETOT_CO2_Argentina
1912,1912,9.4788,WRI_CAIT_ETOT_CO2_Argentina
1913,1913,10.142,WRI_CAIT_ETOT_CO2_Argentina
1914,1914,8.669,WRI_CAIT_ETOT_CO2_Argentina
1915,1915,6.936,WRI_CAIT_ETOT_CO2_Argentina
1916,1916,4.983,WRI_CAIT_ETOT_CO2_Argentina
1917,1917,2.2314,WRI_CAIT_ETOT_CO2_Argentina
1918,1918,2.5208,WRI_CAIT_ETOT_CO2_Argentina
1919,1919,3.7263,WRI_CAIT_ETOT_CO2_Argentina
1920,1920,5.8917,WRI_CAIT_ETOT_CO2_Argentina
1921,1921,5.54,WRI_CAIT_ETOT_CO2_Argentina
1922,1922,7.3024,WRI_CAIT_ETOT_CO2_Argentina
1923,1923,8.4419,WRI_CAIT_ETOT_CO2_Argentina
1924,1924,10.959,WRI_CAIT_ETOT_CO2_Argentina
1925,1925,11.2375,WRI_CAIT_ETOT_CO2_Argentina
1926,1926,11.2558,WRI_CAIT_ETOT_CO2_Argentina
1927,1927,13.3699,WRI_CAIT_ETOT_CO2_Argentina
1928,1928,12.7397,WRI_CAIT_ETOT_CO2_Argentina
1929,1929,13.1318,WRI_CAIT_ETOT_CO2_Argentina
1930,1930,12.769,WRI_CAIT_ETOT_CO2_Argentina
1931,1931,12.846,WRI_CAIT_ETOT_CO2_Argentina
1932,1932,13.1025,WRI_CAIT_ETOT_CO2_Argentina
1933,1933,13.2307,WRI_CAIT_ETOT_CO2_Argentina
1934,1934,14.242,WRI_CAIT_ETOT_CO2_Argentina
1935,1935,13.9965,WRI_CAIT_ETOT_CO2_Argentina
1936,1936,15.0993,WRI_CAIT_ETOT_CO2_Argentina
1937,1937,16.7188,WRI_CAIT_ETOT_CO2_Argentina
1938,1938,16.3488,WRI_CAIT_ETOT_CO2_Argentina
1939,1939,17.382,WRI_CAIT_ETOT_CO2_Argentina
1940,1940,15.8651,WRI_CAIT_ETOT_CO2_Argentina
1941,1941,13.9452,WRI_CAIT_ETOT_CO2_Argentina
1942,1942,13.4799,WRI_CAIT_ETOT_CO2_Argentina
1943,1943,14.0844,WRI_CAIT_ETOT_CO2_Argentina
1944,1944,13.9562,WRI_CAIT_ETOT_CO2_Argentina
1945,1945,13.6704,WRI_CAIT_ETOT_CO2_Argentina
1946,1946,13.707,WRI_CAIT_ETOT_CO2_Argentina
1947,1947,14.5168,WRI_CAIT_ETOT_CO2_Argentina
1948,1948,17.3967,WRI_CAIT_ETOT_CO2_Argentina
1949,1949,15.3705,WRI_CAIT_ETOT_CO2_Argentina
1950,1950,29.9276,WRI_CAIT_ETOT_CO2_Argentina
1951,1951,34.9692,WRI_CAIT_ETOT_CO2_Argentina
1952,1952,36.1014,WRI_CAIT_ETOT_CO2_Argentina
1953,1953,35.1414,WRI_CAIT_ETOT_CO2_Argentina
1954,1954,36.7609,WRI_CAIT_ETOT_CO2_Argentina
1955,1955,39.5675,WRI_CAIT_ETOT_CO2_Argentina
1956,1956,44.3051,WRI_CAIT_ETOT_CO2_Argentina
1957,1957,47.6173,WRI_CAIT_ETOT_CO2_Argentina
1958,1958,44.2025,WRI_CAIT_ETOT_CO2_Argentina
1959,1959,48.9584,WRI_CAIT_ETOT_CO2_Argentina
1960,1960,48.7752,WRI_CAIT_ETOT_CO2_Argentina
1961,1961,51.1384,WRI_CAIT_ETOT_CO2_Argentina
1962,1962,53.652,WRI_CAIT_ETOT_CO2_Argentina
1963,1963,50.0429,WRI_CAIT_ETOT_CO2_Argentina
1964,1964,55.6855,WRI_CAIT_ETOT_CO2_Argentina
1965,1965,58.8182,WRI_CAIT_ETOT_CO2_Argentina
1966,1966,60.7418,WRI_CAIT_ETOT_CO2_Argentina
1967,1967,62.6874,WRI_CAIT_ETOT_CO2_Argentina
1968,1968,66.1499,WRI_CAIT_ETOT_CO2_Argentina
1969,1969,74.4342,WRI_CAIT_ETOT_CO2_Argentina
1970,1970,79.8569,WRI_CAIT_ETOT_CO2_Argentina
1971,1971,85.5353,WRI_CAIT_ETOT_CO2_Argentina
1972,1972,86.455,WRI_CAIT_ETOT_CO2_Argentina
1973,1973,90.1031,WRI_CAIT_ETOT_CO2_Argentina
1974,1974,90.2857,WRI_CAIT_ETOT_CO2_Argentina
1975,1975,88.2324,WRI_CAIT_ETOT_CO2_Argentina
1976,1976,92.4069,WRI_CAIT_ETOT_CO2_Argentina
1977,1977,96.2298,WRI_CAIT_ETOT_CO2_Argentina
1978,1978,95.6974,WRI_CAIT_ETOT_CO2_Argentina
1979,1979,101.0632,WRI_CAIT_ETOT_CO2_Argentina
1980,1980,99.1741,WRI_CAIT_ETOT_CO2_Argentina
1981,1981,97.6723,WRI_CAIT_ETOT_CO2_Argentina
1982,1982,99.1181,WRI_CAIT_ETOT_CO2_Argentina
1983,1983,102.722,WRI_CAIT_ETOT_CO2_Argentina
1984,1984,101.6362,WRI_CAIT_ETOT_CO2_Argentina
1985,1985,96.2166,WRI_CAIT_ETOT_CO2_Argentina
1986,1986,100.1694,WRI_CAIT_ETOT_CO2_Argentina
1987,1987,109.7591,WRI_CAIT_ETOT_CO2_Argentina
1988,1988,113.8021,WRI_CAIT_ETOT_CO2_Argentina
1989,1989,112.8124,WRI_CAIT_ETOT_CO2_Argentina
1990,1990,106.357,WRI_CAIT_ETOT_CO2_Argentina
1991,1991,111.6405,WRI_CAIT_ETOT_CO2_Argentina
1992,1992,113.9208,WRI_CAIT_ETOT_CO2_Argentina
1993,1993,115.3229,WRI_CAIT_ETOT_CO2_Argentina
1994,1994,123.4174,WRI_CAIT_ETOT_CO2_Argentina
1995,1995,126.5423,WRI_CAIT_ETOT_CO2_Argentina
1996,1996,135.907,WRI_CAIT_ETOT_CO2_Argentina
1997,1997,139.6335,WRI_CAIT_ETOT_CO2_Argentina
1998,1998,143.3634,WRI_CAIT_ETOT_CO2_Argentina
1999,1999,146.645,WRI_CAIT_ETOT_CO2_Argentina
2000,2000,146.025,WRI_CAIT_ETOT_CO2_Argentina
2001,2001,135.5755,WRI_CAIT_ETOT_CO2_Argentina
2002,2002,127.8437,WRI_CAIT_ETOT_CO2_Argentina
2003,2003,138.7102,WRI_CAIT_ETOT_CO2_Argentina
2004,2004,154.2489,WRI_CAIT_ETOT_CO2_Argentina
2005,2005,157.6305,WRI_CAIT_ETOT_CO2_Argentina
2006,2006,167.9118,WRI_CAIT_ETOT_CO2_Argentina
2007,2007,174.9396,WRI_CAIT_ETOT_CO2_Argentina
2008,2008,185.8391,WRI_CAIT_ETOT_CO2_Argentina
2009,2009,178.1424,WRI_CAIT_ETOT_CO2_Argentina
2010,2010,183.1064,WRI_CAIT_ETOT_CO2_Argentina
2011,2011,191.0226,WRI_CAIT_ETOT_CO2_Argentina
2012,2012,195.7599,WRI_CAIT_ETOT_CO2_Argentina
1850,1850,WRI_CAIT_ETOT_CO2_Bolivia
1851,1851,WRI_CAIT_ETOT_CO2_Bolivia
1852,1852,WRI_CAIT_ETOT_CO2_Bolivia
1853,1853,WRI_CAIT_ETOT_CO2_Bolivia
1854,1854,WRI_CAIT_ETOT_CO2_Bolivia
1855,1855,WRI_CAIT_ETOT_CO2_Bolivia
1856,1856,WRI_CAIT_ETOT_CO2_Bolivia
1857,1857,WRI_CAIT_ETOT_CO2_Bolivia
1858,1858,WRI_CAIT_ETOT_CO2_Bolivia
1859,1859,WRI_CAIT_ETOT_CO2_Bolivia
1860,1860,WRI_CAIT_ETOT_CO2_Bolivia
1861,1861,WRI_CAIT_ETOT_CO2_Bolivia
1862,1862,WRI_CAIT_ETOT_CO2_Bolivia
1863,1863,WRI_CAIT_ETOT_CO2_Bolivia
1864,1864,WRI_CAIT_ETOT_CO2_Bolivia
1865,1865,WRI_CAIT_ETOT_CO2_Bolivia
1866,1866,WRI_CAIT_ETOT_CO2_Bolivia
1867,1867,WRI_CAIT_ETOT_CO2_Bolivia
1868,1868,WRI_CAIT_ETOT_CO2_Bolivia
1869,1869,WRI_CAIT_ETOT_CO2_Bolivia
1870,1870,WRI_CAIT_ETOT_CO2_Bolivia
1871,1871,WRI_CAIT_ETOT_CO2_Bolivia
1872,1872,WRI_CAIT_ETOT_CO2_Bolivia
1873,1873,WRI_CAIT_ETOT_CO2_Bolivia
1874,1874,WRI_CAIT_ETOT_CO2_Bolivia
1875,1875,WRI_CAIT_ETOT_CO2_Bolivia
1876,1876,WRI_CAIT_ETOT_CO2_Bolivia
1877,1877,WRI_CAIT_ETOT_CO2_Bolivia
1878,1878,WRI_CAIT_ETOT_CO2_Bolivia
1879,1879,WRI_CAIT_ETOT_CO2_Bolivia
1880,1880,WRI_CAIT_ETOT_CO2_Bolivia
1881,1881,WRI_CAIT_ETOT_CO2_Bolivia
1882,1882,WRI_CAIT_ETOT_CO2_Bolivia
1883,1883,WRI_CAIT_ETOT_CO2_Bolivia
1884,1884,WRI_CAIT_ETOT_CO2_Bolivia
1885,1885,WRI_CAIT_ETOT_CO2_Bolivia
1886,1886,WRI_CAIT_ETOT_CO2_Bolivia
1887,1887,WRI_CAIT_ETOT_CO2_Bolivia
1888,1888,WRI_CAIT_ETOT_CO2_Bolivia
1889,1889,WRI_CAIT_ETOT_CO2_Bolivia
1890,1890,WRI_CAIT_ETOT_CO2_Bolivia
1891,1891,WRI_CAIT_ETOT_CO2_Bolivia
1892,1892,WRI_CAIT_ETOT_CO2_Bolivia
1893,1893,WRI_CAIT_ETOT_CO2_Bolivia
1894,1894,WRI_CAIT_ETOT_CO2_Bolivia
1895,1895,WRI_CAIT_ETOT_CO2_Bolivia
1896,1896,WRI_CAIT_ETOT_CO2_Bolivia
1897,1897,WRI_CAIT_ETOT_CO2_Bolivia
1898,1898,WRI_CAIT_ETOT_CO2_Bolivia
1899,1899,WRI_CAIT_ETOT_CO2_Bolivia
1900,1900,WRI_CAIT_ETOT_CO2_Bolivia
1901,1901,WRI_CAIT_ETOT_CO2_Bolivia
1902,1902,WRI_CAIT_ETOT_CO2_Bolivia
1903,1903,WRI_CAIT_ETOT_CO2_Bolivia
1904,1904,WRI_CAIT_ETOT_CO2_Bolivia
1905,1905,WRI_CAIT_ETOT_CO2_Bolivia
1906,1906,WRI_CAIT_ETOT_CO2_Bolivia
1907,1907,WRI_CAIT_ETOT_CO2_Bolivia
1908,1908,WRI_CAIT_ETOT_CO2_Bolivia
1909,1909,WRI_CAIT_ETOT_CO2_Bolivia
1910,1910,WRI_CAIT_ETOT_CO2_Bolivia
1911,1911,WRI_CAIT_ETOT_CO2_Bolivia
1912,1912,WRI_CAIT_ETOT_CO2_Bolivia
1913,1913,WRI_CAIT_ETOT_CO2_Bolivia
1914,1914,WRI_CAIT_ETOT_CO2_Bolivia
1915,1915,WRI_CAIT_ETOT_CO2_Bolivia
1916,1916,WRI_CAIT_ETOT_CO2_Bolivia
1917,1917,WRI_CAIT_ETOT_CO2_Bolivia
1918,1918,WRI_CAIT_ETOT_CO2_Bolivia
1919,1919,WRI_CAIT_ETOT_CO2_Bolivia
1920,1920,WRI_CAIT_ETOT_CO2_Bolivia
1921,1921,WRI_CAIT_ETOT_CO2_Bolivia
1922,1922,WRI_CAIT_ETOT_CO2_Bolivia
1923,1923,WRI_CAIT_ETOT_CO2_Bolivia
1924,1924,WRI_CAIT_ETOT_CO2_Bolivia
1925,1925,WRI_CAIT_ETOT_CO2_Bolivia
1926,1926,WRI_CAIT_ETOT_CO2_Bolivia
1927,1927,WRI_CAIT_ETOT_CO2_Bolivia
1928,1928,0.0037,WRI_CAIT_ETOT_CO2_Bolivia
1929,1929,0.011,WRI_CAIT_ETOT_CO2_Bolivia
1930,1930,0.011,WRI_CAIT_ETOT_CO2_Bolivia
1931,1931,0.0073,WRI_CAIT_ETOT_CO2_Bolivia
1932,1932,0.0147,WRI_CAIT_ETOT_CO2_Bolivia
1933,1933,0.044,WRI_CAIT_ETOT_CO2_Bolivia
1934,1934,0.0769,WRI_CAIT_ETOT_CO2_Bolivia
1935,1935,0.0696,WRI_CAIT_ETOT_CO2_Bolivia
1936,1936,0.044,WRI_CAIT_ETOT_CO2_Bolivia
1937,1937,0.0513,WRI_CAIT_ETOT_CO2_Bolivia
1938,1938,0.066,WRI_CAIT_ETOT_CO2_Bolivia
1939,1939,0.0843,WRI_CAIT_ETOT_CO2_Bolivia
1940,1940,0.1282,WRI_CAIT_ETOT_CO2_Bolivia
1941,1941,0.1063,WRI_CAIT_ETOT_CO2_Bolivia
1942,1942,0.1319,WRI_CAIT_ETOT_CO2_Bolivia
1943,1943,0.1466,WRI_CAIT_ETOT_CO2_Bolivia
1944,1944,0.1392,WRI_CAIT_ETOT_CO2_Bolivia
1945,1945,0.1685,WRI_CAIT_ETOT_CO2_Bolivia
1946,1946,0.1576,WRI_CAIT_ETOT_CO2_Bolivia
1947,1947,0.1685,WRI_CAIT_ETOT_CO2_Bolivia
1948,1948,0.2015,WRI_CAIT_ETOT_CO2_Bolivia
1949,1949,0.2931,WRI_CAIT_ETOT_CO2_Bolivia
1950,1950,0.4983,WRI_CAIT_ETOT_CO2_Bolivia
1951,1951,0.4617,WRI_CAIT_ETOT_CO2_Bolivia
1952,1952,0.513,WRI_CAIT_ETOT_CO2_Bolivia
1953,1953,0.5386,WRI_CAIT_ETOT_CO2_Bolivia
1954,1954,0.7878,WRI_CAIT_ETOT_CO2_Bolivia
1955,1955,0.9307,WRI_CAIT_ETOT_CO2_Bolivia
1956,1956,1.1029,WRI_CAIT_ETOT_CO2_Bolivia
1957,1957,1.0076,WRI_CAIT_ETOT_CO2_Bolivia
1958,1958,0.9197,WRI_CAIT_ETOT_CO2_Bolivia
1959,1959,0.949,WRI_CAIT_ETOT_CO2_Bolivia
1960,1960,1.0039,WRI_CAIT_ETOT_CO2_Bolivia
1961,1961,1.0406,WRI_CAIT_ETOT_CO2_Bolivia
1962,1962,1.0992,WRI_CAIT_ETOT_CO2_Bolivia
1963,1963,1.2164,WRI_CAIT_ETOT_CO2_Bolivia
1964,1964,1.3264,WRI_CAIT_ETOT_CO2_Bolivia
1965,1965,1.4436,WRI_CAIT_ETOT_CO2_Bolivia
1966,1966,1.6122,WRI_CAIT_ETOT_CO2_Bolivia
1967,1967,1.7367,WRI_CAIT_ETOT_CO2_Bolivia
1968,1968,1.8943,WRI_CAIT_ETOT_CO2_Bolivia
1969,1969,1.9786,WRI_CAIT_ETOT_CO2_Bolivia
1970,1970,1.9346,WRI_CAIT_ETOT_CO2_Bolivia
1971,1971,2.2323,WRI_CAIT_ETOT_CO2_Bolivia
1972,1972,2.4633,WRI_CAIT_ETOT_CO2_Bolivia
1973,1973,2.6143,WRI_CAIT_ETOT_CO2_Bolivia
1974,1974,2.8326,WRI_CAIT_ETOT_CO2_Bolivia
1975,1975,3.3519,WRI_CAIT_ETOT_CO2_Bolivia
1976,1976,3.6299,WRI_CAIT_ETOT_CO2_Bolivia
1977,1977,3.8719,WRI_CAIT_ETOT_CO2_Bolivia
1978,1978,4.1782,WRI_CAIT_ETOT_CO2_Bolivia
1979,1979,4.1846,WRI_CAIT_ETOT_CO2_Bolivia
1980,1980,4.6681,WRI_CAIT_ETOT_CO2_Bolivia
1981,1981,4.7169,WRI_CAIT_ETOT_CO2_Bolivia
1982,1982,4.9912,WRI_CAIT_ETOT_CO2_Bolivia
1983,1983,5.3895,WRI_CAIT_ETOT_CO2_Bolivia
1984,1984,4.9391,WRI_CAIT_ETOT_CO2_Bolivia
1985,1985,4.6775,WRI_CAIT_ETOT_CO2_Bolivia
1986,1986,4.4835,WRI_CAIT_ETOT_CO2_Bolivia
1987,1987,4.8433,WRI_CAIT_ETOT_CO2_Bolivia
1988,1988,4.6841,WRI_CAIT_ETOT_CO2_Bolivia
1989,1989,5.1798,WRI_CAIT_ETOT_CO2_Bolivia
1990,1990,5.6254,WRI_CAIT_ETOT_CO2_Bolivia
1991,1991,5.6637,WRI_CAIT_ETOT_CO2_Bolivia
1992,1992,6.7757,WRI_CAIT_ETOT_CO2_Bolivia
1993,1993,7.7023,WRI_CAIT_ETOT_CO2_Bolivia
1994,1994,8.9153,WRI_CAIT_ETOT_CO2_Bolivia
1995,1995,8.2342,WRI_CAIT_ETOT_CO2_Bolivia
1996,1996,7.8075,WRI_CAIT_ETOT_CO2_Bolivia
1997,1997,7.8888,WRI_CAIT_ETOT_CO2_Bolivia
1998,1998,8.3947,WRI_CAIT_ETOT_CO2_Bolivia
1999,1999,7.8014,WRI_CAIT_ETOT_CO2_Bolivia
2000,2000,8.1374,WRI_CAIT_ETOT_CO2_Bolivia
2001,2001,7.658,WRI_CAIT_ETOT_CO2_Bolivia
2002,2002,8.2662,WRI_CAIT_ETOT_CO2_Bolivia
2003,2003,9.0912,WRI_CAIT_ETOT_CO2_Bolivia
2004,2004,9.6846,WRI_CAIT_ETOT_CO2_Bolivia
2005,2005,10.4934,WRI_CAIT_ETOT_CO2_Bolivia
2006,2006,11.346,WRI_CAIT_ETOT_CO2_Bolivia
2007,2007,12.3127,WRI_CAIT_ETOT_CO2_Bolivia
2008,2008,13.4146,WRI_CAIT_ETOT_CO2_Bolivia
2009,2009,14.1403,WRI_CAIT_ETOT_CO2_Bolivia
2010,2010,15.5162,WRI_CAIT_ETOT_CO2_Bolivia
2011,2011,16.9543,WRI_CAIT_ETOT_CO2_Bolivia
2012,2012,16.7379,WRI_CAIT_ETOT_CO2_Bolivia
